{
  "employee": [
    {
      "id": "1001",
      "name": "Rahul",
      "salary": "9000",
      "department": "Java"
    },
    {
      "id": "1002",
      "name": "Vikash",
      "salary": "11000",
      "department": "OraApps"
    },
    {
      "id": "1003",
      "name": "Uma",
      "salary": "12000",
      "department": "Java"
    },
    {
      "id": "1004",
      "name": "Sachin",
      "salary": "11500",
      "department": "OraApps"
    },
    {
      "id": "1005",
      "name": "Amol",
      "salary": "7000",
      "department": ".Net"
    },
    {
      "id": "1006",
      "name": "Vishal",
      "salary": "17000",
      "department": "BI"
    },
    {
      "id": "1007",
      "name": "Rajitha",
      "salary": "21000",
      "department": "BI"
    },
    {
      "id": "1008",
      "name": "Neelima",
      "salary": "81000",
      "department": "Testing"
    },
    {
      "id": "1009",
      "name": "Daya",
      "salary": "1000",
      "department": "Testing"
    },
    {
      "id": "1010",
      "name": "Raj",
      "salary": "21000",
      "department": "Java"
    },
    {
      "id": "123",
      "name": "vineetha",
      "salary": "25000",
      "department": "Java"
    }
  ]
}