{
  "games": [
    {
      "id": "1)",
      "name": "Shooting",
      "price": 105
    },
    {
      "id": "2)",
      "name": "Angry Birds",
      "price": 95
    },
    {
      "id": "3)",
      "name": "Temple Run",
      "price": 200
    },
    {
      "id": "4)",
      "name": "Bike Race",
      "price": 90
    },
    {
      "id": "5)",
      "name": "Air Control",
      "price": 800
    }
  ],
  "amount": [
    {
      "id": 100,
      "price": 300,
      "name": "Rajesh"
    },
    {
      "id": 800,
      "price": 700,
      "name": "RajeshHS"
    },
    {
      "id": 900,
      "price": 800,
      "name": "RajeshHS"
    },
    {
      "id": 1000,
      "price": 900,
      "name": "RajeshHS"
    },
    {
      "id": 600,
      "price": 500,
      "name": "Rahul"
    },
    {
      "price": null,
      "id": 1001
    }
  ]
}