{
  "products": [
    {
      "id": "1",
      "name": "Scissors",
      "Desc": "use this to cut stuff",
      "price": 4.99
    },
    {
      "id": "2",
      "name": "Steak Knifes",
      "Desc": "use this to eat food",
      "price": 10.99
    },
    {
      "id": "3",
      "name": "Skewers",
      "Desc": "use this to roast food",
      "price": 23.45
    },
    {
      "id": "4",
      "name": "Baking Tray",
      "Desc": "use this to bake food",
      "price": 33.45
    },
    {
      "id": "5",
      "name": "Data",
      "Desc": "Use to store data",
      "price": 53.45
    },
    {
      "id": "13",
      "name": "Resistence Bands",
      "Desc": "Keeps us Fit!",
      "price": 45.67
    }
  ]
}