{
  "game": [
    {
      "id": "1)",
      "name": "Shopping",
      "price": 105,
      "cardBalance":600
    },
    {
      "id": "2)",
      "name": "Angry Birds",
      "price": 95,
      "cardBalance":600
    },
    {
      "id": "3)",
      "name": "Temple Run",
      "price": 200,
      "cardBalance":600
    },
    {
      "id": "4)",
      "name": "Bike Race",
      "price": 90,
      "cardBalance":600
    },
    {
      "id": "5)",
      "name": "Air Control",
      "price": 800,
      "cardBalance":600
    }
  ]
  
}